category,percentage
10-19,13.247480216576427
20-29,20.003331945022907
30-39,13.607663473552686
0-9,10.780508121615993
40-49,10.996751353602665
50-59,11.368929612661391
60-69,9.386422324031654
70-79,6.547605164514786
80+,4.061307788421491
