category,percentage
1,34.22803488684577
2,31.91771785955683
3,15.262587848237336
4,11.343110988053454
5,4.30303671913809
6,1.8013469384431218
7,0.6555534744334145
8,0.48861128529198594
