category,percentage
One-person aged 66+ years,12.146260026874058
One-person aged <66 years,22.08233234252209
Other,16.602467527179446
Couple with non-dependent children,5.33735086933507
Couple with dependent children,16.63178468178672
Couple,15.61464228999552
Lone parent,11.585162262307097
