category,percentage
Female,50.57959183673469
Male,49.42040816326531
